,gbifID,decimalLatitude,decimalLongitude,acceptedScientificName
0,2286514919,35.5,46.15,Aegilops speltoides subsp. ligustica (Savign.) Zhuk.
1,2286513236,38.82,38.67,Aegilops speltoides subsp. ligustica (Savign.) Zhuk.
2,2286513041,35.5,46.15,Aegilops speltoides subsp. ligustica (Savign.) Zhuk.
3,2286512974,34.75,45.07,Aegilops speltoides subsp. speltoides
4,2286510929,37.31,42.22,Aegilops speltoides subsp. ligustica (Savign.) Zhuk.
5,2286508864,33.62,35.45,Aegilops speltoides subsp. speltoides
6,2286508642,35.58,43.0,Aegilops speltoides subsp. speltoides
7,2286508530,33.62,35.45,Aegilops speltoides subsp. speltoides
8,2286508489,36.92,40.27,Aegilops speltoides subsp. speltoides
9,2286508461,35.2,36.85,Aegilops speltoides subsp. speltoides
10,2286508286,35.5,46.15,Aegilops speltoides subsp. ligustica (Savign.) Zhuk.
11,2286508258,35.5,46.15,Aegilops speltoides subsp. ligustica (Savign.) Zhuk.
12,2286507944,36.92,40.27,Aegilops speltoides subsp. speltoides
13,2286507209,33.62,35.45,Aegilops speltoides subsp. speltoides
14,2286506961,35.5,46.15,Aegilops speltoides subsp. ligustica (Savign.) Zhuk.
15,2286505712,36.89,38.24,Aegilops speltoides subsp. speltoides
16,2286505389,36.9,40.24,Aegilops speltoides subsp. speltoides
17,2286505270,36.89,36.72,Aegilops speltoides subsp. speltoides
18,2286503666,36.89,38.24,Aegilops speltoides subsp. speltoides
19,2286503554,38.05,40.0,Aegilops speltoides subsp. ligustica (Savign.) Zhuk.
20,2286502413,34.75,45.07,Aegilops speltoides subsp. speltoides
21,2286501365,35.58,43.0,Aegilops speltoides subsp. ligustica (Savign.) Zhuk.
22,2286500818,35.58,43.0,Aegilops speltoides subsp. speltoides
23,2286500558,35.48,35.95,Aegilops speltoides subsp. ligustica (Savign.) Zhuk.
24,2286500454,34.75,45.07,Aegilops speltoides subsp. speltoides
25,2286500034,34.75,45.07,Aegilops speltoides subsp. speltoides
26,2286499616,33.62,35.45,Aegilops speltoides subsp. speltoides
27,2286499532,35.58,43.0,Aegilops speltoides subsp. speltoides
28,2286499464,35.58,43.0,Aegilops speltoides subsp. ligustica (Savign.) Zhuk.
29,2286499252,36.89,36.72,Aegilops speltoides subsp. speltoides
30,2286498746,34.75,45.07,Aegilops speltoides subsp. ligustica (Savign.) Zhuk.
31,2286496995,35.48,35.95,Aegilops speltoides subsp. ligustica (Savign.) Zhuk.
32,2286496919,34.75,45.07,Aegilops speltoides subsp. speltoides
33,2286496752,35.48,35.95,Aegilops speltoides subsp. ligustica (Savign.) Zhuk.
34,2286496593,34.75,45.07,Aegilops speltoides subsp. speltoides
35,2242478048,32.55,34.93333,Aegilops speltoides var. speltoides
36,2242478046,32.48333,35.08333,Aegilops speltoides var. speltoides
37,2242478045,32.55,34.93333,Aegilops speltoides subsp. speltoides
38,2242478044,35.11667,36.11667,Aegilops speltoides var. speltoides
39,2242478043,32.55,34.93333,Aegilops speltoides var. speltoides
40,2242478042,32.48333,35.08333,Aegilops speltoides var. speltoides
41,2242478041,32.55,34.93333,Aegilops speltoides var. speltoides
42,2242478040,35.11667,36.11667,Aegilops speltoides var. speltoides
43,2242478039,32.55,34.93333,Aegilops speltoides var. speltoides
44,2242478038,32.48333,35.08333,Aegilops speltoides var. speltoides
45,2242478037,32.55,34.93333,Aegilops speltoides var. speltoides
46,2242478036,32.48333,35.08333,Aegilops speltoides var. speltoides
47,2242478035,35.11667,36.11667,Aegilops speltoides var. speltoides
48,2242478034,32.55,34.93333,Aegilops speltoides var. speltoides
49,2242478032,32.48333,35.08333,Aegilops speltoides subsp. ligustica (Savign.) Zhuk.
50,2242478031,32.48333,35.08333,Aegilops speltoides var. speltoides
51,2242478030,32.48333,35.08333,Aegilops speltoides subsp. ligustica (Savign.) Zhuk.
52,2242478029,35.11667,36.11667,Aegilops speltoides var. speltoides
53,2242478028,32.55,34.93333,Aegilops speltoides var. speltoides
54,2242478027,35.11667,36.11667,Aegilops speltoides var. speltoides
55,2242478026,32.55,34.93333,Aegilops speltoides subsp. speltoides
56,2242478025,35.11667,36.11667,Aegilops speltoides var. speltoides
57,2242478024,32.55,34.93333,Aegilops speltoides var. speltoides
58,2242478023,35.11667,36.11667,Aegilops speltoides var. speltoides
59,2242478022,32.55,34.93333,Aegilops speltoides subsp. speltoides
60,2242478021,35.11667,36.11667,Aegilops speltoides var. speltoides
61,2242478020,32.48333,35.08333,Aegilops speltoides var. speltoides
62,2242478019,32.55,34.93333,Aegilops speltoides var. speltoides
63,2242478018,32.48333,35.08333,Aegilops speltoides subsp. ligustica (Savign.) Zhuk.
64,2242478017,32.55,34.93333,Aegilops speltoides var. speltoides
65,2242478016,35.11667,36.11667,Aegilops speltoides var. speltoides
66,2242478014,32.48333,35.08333,Aegilops speltoides subsp. ligustica (Savign.) Zhuk.
67,2242478013,32.55,34.93333,Aegilops speltoides var. speltoides
68,1986965220,35.396887,45.472996,Aegilops speltoides Tausch
69,1844877652,32.549999,34.98333,Aegilops speltoides var. speltoides
70,1831128943,34.5,45.583333,Aegilops speltoides subsp. speltoides
71,1831128448,35.75,44.133333,Aegilops speltoides var. speltoides
72,1706087718,42.51,27.47,Aegilops speltoides var. speltoides
73,1706043651,42.51,27.47,Aegilops speltoides subsp. ligustica (Savign.) Zhuk.
74,1563638406,36.233333,36.55,Aegilops speltoides Tausch
75,1563637663,37.933333000000005,42.266667,Aegilops speltoides subsp. speltoides
76,1563627217,36.166667,36.833333,Aegilops speltoides Tausch
77,1563626940,37.783333,42.05,Aegilops speltoides subsp. speltoides
78,1563621558,35.116667,36.116667,Aegilops speltoides Tausch
79,1563621200,35.966667,45.9,Aegilops speltoides subsp. ligustica (Savign.) Zhuk.
80,1563615096,38.016667,41.45,Aegilops speltoides subsp. speltoides
81,1563586080,38.033333,42.083333,Aegilops speltoides subsp. speltoides
82,1563580164,37.733333,42.25,Aegilops speltoides subsp. speltoides
83,1563572510,32.55,48.866667,Aegilops speltoides subsp. ligustica (Savign.) Zhuk.
84,1563567931,35.883333,35.8,Aegilops speltoides Tausch
85,1563567410,31.333333000000003,36.216667,Aegilops speltoides Tausch
86,1563564728,37.75,42.166667,Aegilops speltoides subsp. ligustica (Savign.) Zhuk.
87,1563556592,35.5,46.15,Aegilops speltoides subsp. ligustica (Savign.) Zhuk.
88,1563544432,35.866667,35.866667,Aegilops speltoides Tausch
89,1563536031,35.966667,45.9,Aegilops speltoides subsp. ligustica (Savign.) Zhuk.
90,1563531811,38.066666999999995,41.783333,Aegilops speltoides subsp. speltoides
91,1563529522,36.316666999999995,37.083333,Aegilops speltoides Tausch
92,1563522675,37.633333,42.35,Aegilops speltoides subsp. speltoides
93,1563520146,36.683333000000005,37.0,Aegilops speltoides Tausch
94,1563516370,35.966667,45.9,Aegilops speltoides subsp. ligustica (Savign.) Zhuk.
95,1563510973,37.75,42.166667,Aegilops speltoides subsp. speltoides
96,1563509495,35.666667,35.866667,Aegilops speltoides Tausch
97,1563499982,37.816666999999995,41.866667,Aegilops speltoides subsp. speltoides
98,1563499255,32.55,48.866667,Aegilops speltoides subsp. ligustica (Savign.) Zhuk.
99,1563484200,38.816666999999995,41.583333,Aegilops speltoides subsp. ligustica (Savign.) Zhuk.
100,1304999130,37.166667,37.433333000000005,Aegilops speltoides subsp. speltoides
101,1304999128,37.866667,40.65,Aegilops speltoides subsp. speltoides
102,1304999124,37.75,42.166667,Aegilops speltoides subsp. speltoides
103,1304999122,37.3175,38.598056,Aegilops speltoides subsp. speltoides
104,1304999116,37.166667,39.183333000000005,Aegilops speltoides subsp. speltoides
105,1304999107,37.054167,39.954167,Aegilops speltoides subsp. speltoides
106,1304999106,37.633611,36.768333,Aegilops speltoides subsp. speltoides
107,1304999100,37.083333,37.4,Aegilops speltoides subsp. speltoides
108,1304999099,38.016667,38.516667,Aegilops speltoides subsp. speltoides
109,1304999098,36.84,36.839166999999996,Aegilops speltoides subsp. speltoides
110,1304999093,37.616667,37.083333,Aegilops speltoides subsp. speltoides
111,1304999089,37.283333,38.766667,Aegilops speltoides subsp. speltoides
112,1304999084,38.016667,41.45,Aegilops speltoides subsp. speltoides
113,1304999083,37.0675,35.277221999999995,Aegilops speltoides subsp. speltoides
114,1304999081,37.55,38.783333,Aegilops speltoides subsp. speltoides
115,1304999080,37.566666999999995,38.933333000000005,Aegilops speltoides subsp. ligustica (Savign.) Zhuk.
116,1304999078,37.733333,42.25,Aegilops speltoides subsp. speltoides
117,1304999077,36.21,36.178333,Aegilops speltoides subsp. speltoides
118,1304999074,38.05,40.466667,Aegilops speltoides subsp. speltoides
119,1304999072,37.710278,36.691111,Aegilops speltoides subsp. speltoides
120,1304999071,37.150833,40.838611,Aegilops speltoides subsp. speltoides
121,1304999070,38.816666999999995,41.583333,Aegilops speltoides subsp. ligustica (Savign.) Zhuk.
122,1304999069,37.183333000000005,37.466667,Aegilops speltoides subsp. speltoides
123,1304999068,37.616667,38.95,Aegilops speltoides subsp. ligustica (Savign.) Zhuk.
124,1304999067,37.5,37.016667,Aegilops speltoides subsp. speltoides
125,1304999065,37.056389,38.118056,Aegilops speltoides subsp. speltoides
126,1304999064,36.85,40.033333,Aegilops speltoides subsp. ligustica (Savign.) Zhuk.
127,1304999062,37.633333,42.35,Aegilops speltoides subsp. speltoides
128,1304999061,36.85,40.033333,Aegilops speltoides subsp. ligustica (Savign.) Zhuk.
129,1304999060,37.370556,37.550833000000004,Aegilops speltoides subsp. speltoides
130,1304999059,36.243333,36.239722,Aegilops speltoides subsp. speltoides
131,1304999057,37.229167,37.515,Aegilops speltoides subsp. speltoides
132,1304999056,37.77,38.351389000000005,Aegilops speltoides subsp. speltoides
133,1304999055,37.0825,38.581389,Aegilops speltoides subsp. speltoides
134,1304999053,36.95,38.916667,Aegilops speltoides subsp. speltoides
135,1304999052,37.666667,37.95,Aegilops speltoides subsp. speltoides
136,1304999051,37.783333,42.05,Aegilops speltoides subsp. speltoides
137,1304999050,37.223889,39.467778,Aegilops speltoides subsp. speltoides
138,1304999049,38.066666999999995,41.783333,Aegilops speltoides subsp. speltoides
139,1304999048,37.216667,39.55,Aegilops speltoides subsp. ligustica (Savign.) Zhuk.
140,1304999046,37.366667,37.566666999999995,Aegilops speltoides subsp. speltoides
141,1304999045,37.75,40.1,Aegilops speltoides subsp. speltoides
142,1304999044,37.229167,37.515,Aegilops speltoides subsp. ligustica (Savign.) Zhuk.
143,1304999043,36.983333,39.966667,Aegilops speltoides subsp. ligustica (Savign.) Zhuk.
144,1304999039,37.65,40.466667,Aegilops speltoides subsp. ligustica (Savign.) Zhuk.
145,1304999038,37.402778000000005,37.577222,Aegilops speltoides subsp. ligustica (Savign.) Zhuk.
146,1304999037,37.083333,39.883333,Aegilops speltoides subsp. ligustica (Savign.) Zhuk.
147,1304999036,37.269721999999994,37.200556,Aegilops speltoides subsp. speltoides
148,1304999035,36.85,40.033333,Aegilops speltoides subsp. speltoides
149,1304999034,36.881111,37.59,Aegilops speltoides subsp. speltoides
150,1304999033,37.273056,38.757222,Aegilops speltoides subsp. speltoides
151,1304999032,36.843056,37.134444,Aegilops speltoides subsp. speltoides
152,1304999030,37.471667,38.245278000000006,Aegilops speltoides subsp. speltoides
153,1304999029,37.816666999999995,41.866667,Aegilops speltoides subsp. speltoides
154,1304999028,37.411944,37.62,Aegilops speltoides subsp. ligustica (Savign.) Zhuk.
155,1304999027,38.033333,42.083333,Aegilops speltoides subsp. speltoides
156,1304999026,37.2,39.233333,Aegilops speltoides subsp. speltoides
157,1304999023,37.966667,40.2,Aegilops speltoides subsp. ligustica (Savign.) Zhuk.
158,1304999022,37.75,42.166667,Aegilops speltoides subsp. ligustica (Savign.) Zhuk.
159,1304999021,38.05,40.466667,Aegilops speltoides subsp. ligustica (Savign.) Zhuk.
160,1304999019,36.519166999999996,36.376111,Aegilops speltoides subsp. speltoides
161,1304999017,37.816666999999995,40.133333,Aegilops speltoides subsp. ligustica (Savign.) Zhuk.
162,1304999016,37.966667,38.616667,Aegilops speltoides subsp. ligustica (Savign.) Zhuk.
163,1304999014,37.216667,39.55,Aegilops speltoides subsp. ligustica (Savign.) Zhuk.
164,1304999012,36.933333000000005,38.916667,Aegilops speltoides subsp. ligustica (Savign.) Zhuk.
165,1304999011,37.054167,39.954167,Aegilops speltoides subsp. ligustica (Savign.) Zhuk.
166,1304999010,37.216667,38.783333,Aegilops speltoides subsp. speltoides
167,1304999004,37.0675,35.277221999999995,Aegilops speltoides subsp. ligustica (Savign.) Zhuk.
168,1304999003,36.871666999999995,37.347221999999995,Aegilops speltoides subsp. ligustica (Savign.) Zhuk.
169,1304999002,37.933333000000005,42.266667,Aegilops speltoides subsp. speltoides
170,1304998998,37.083333,39.883333,Aegilops speltoides subsp. ligustica (Savign.) Zhuk.
171,1304998993,38.933333000000005,40.783333,Aegilops speltoides subsp. ligustica (Savign.) Zhuk.
172,1304998992,36.933333000000005,38.916667,Aegilops speltoides subsp. ligustica (Savign.) Zhuk.
173,1304998989,37.75,40.1,Aegilops speltoides subsp. ligustica (Savign.) Zhuk.
174,1304998988,37.101389000000005,40.095278,Aegilops speltoides subsp. ligustica (Savign.) Zhuk.
175,1304998982,38.316666999999995,40.0,Aegilops speltoides subsp. ligustica (Savign.) Zhuk.
176,1304998981,36.95,38.916667,Aegilops speltoides subsp. ligustica (Savign.) Zhuk.
177,1304911642,37.982596,40.290972,Aegilops speltoides Tausch
178,1304884417,38.606669000000004,27.069999,Aegilops speltoides subsp. ligustica (Savign.) Zhuk.
179,1304823361,38.0,40.416667,Aegilops speltoides Tausch
180,1304823336,40.616667,33.616667,Aegilops speltoides Tausch
181,1304823326,41.333333,27.483333000000002,Aegilops speltoides Tausch
182,1304823307,36.194444,36.75,Aegilops speltoides Tausch
183,1304823305,37.966667,40.333333,Aegilops speltoides Tausch
184,1304823303,36.230556,36.55,Aegilops speltoides Tausch
185,1304823302,35.1,36.166667,Aegilops speltoides Tausch
186,1304823297,35.637221999999994,35.994721999999996,Aegilops speltoides Tausch
187,1304823295,40.033333,32.916667,Aegilops speltoides Tausch
188,1304823294,39.016667,39.566666999999995,Aegilops speltoides Tausch
189,1304823289,38.05,41.75,Aegilops speltoides Tausch
190,1304823288,38.0,40.416667,Aegilops speltoides Tausch
191,1304789939,32.683333000000005,34.966667,Aegilops speltoides Tausch
192,1304789938,32.683333000000005,34.966667,Aegilops speltoides Tausch
193,1304789917,32.683333000000005,35.15,Aegilops speltoides Tausch
194,1304789915,32.683333000000005,34.966667,Aegilops speltoides Tausch
195,1304789913,37.966667,40.333333,Aegilops speltoides Tausch
196,1304789912,32.683333000000005,34.966667,Aegilops speltoides Tausch
197,1304789911,31.816667,34.733333,Aegilops speltoides Tausch
198,1304789906,32.683333000000005,35.15,Aegilops speltoides Tausch
199,1304789901,32.683333000000005,34.966667,Aegilops speltoides Tausch
200,1304789897,32.766667,35.016667,Aegilops speltoides Tausch
201,1304789896,32.766667,35.016667,Aegilops speltoides Tausch
202,1304789895,32.683333000000005,34.966667,Aegilops speltoides Tausch
203,1304789893,31.816667,34.733333,Aegilops speltoides Tausch
204,1304789892,32.683333000000005,34.966667,Aegilops speltoides Tausch
205,1304789889,32.766667,35.016667,Aegilops speltoides Tausch
206,1304789888,32.483333,35.1,Aegilops speltoides Tausch
207,1304789887,32.683333000000005,34.966667,Aegilops speltoides Tausch
208,1304789886,32.766667,35.016667,Aegilops speltoides Tausch
209,1304789885,32.683333000000005,34.966667,Aegilops speltoides Tausch
210,1304789884,32.683333000000005,34.966667,Aegilops speltoides Tausch
211,1304789881,32.683333000000005,34.966667,Aegilops speltoides Tausch
212,1304789880,32.766667,35.016667,Aegilops speltoides Tausch
213,1304789879,32.683333000000005,35.15,Aegilops speltoides Tausch
214,1304789877,32.483333,35.1,Aegilops speltoides Tausch
215,1304789875,32.766667,35.016667,Aegilops speltoides Tausch
216,1304789874,32.683333000000005,35.15,Aegilops speltoides Tausch
217,1304789873,32.483333,35.1,Aegilops speltoides Tausch
218,1304789871,32.766667,35.016667,Aegilops speltoides Tausch
219,1304789870,32.483333,35.1,Aegilops speltoides Tausch
220,1304789869,32.683333000000005,34.966667,Aegilops speltoides Tausch
221,1304789868,32.766667,35.016667,Aegilops speltoides Tausch
222,1304789867,32.483333,35.1,Aegilops speltoides Tausch
223,1304789866,32.683333000000005,35.15,Aegilops speltoides Tausch
224,1304789865,32.683333000000005,34.966667,Aegilops speltoides Tausch
225,1304789864,32.683333000000005,34.966667,Aegilops speltoides Tausch
226,1304789863,36.439167,37.039722,Aegilops speltoides Tausch
227,1304789862,32.766667,35.016667,Aegilops speltoides Tausch
228,1304789860,32.683333000000005,34.966667,Aegilops speltoides Tausch
229,1304789859,32.683333000000005,35.15,Aegilops speltoides Tausch
230,1304789858,32.683333000000005,35.15,Aegilops speltoides Tausch
231,1304789857,32.683333000000005,34.966667,Aegilops speltoides Tausch
232,1304789856,36.4,44.133333,Aegilops speltoides Tausch
233,1304789854,32.683333000000005,35.15,Aegilops speltoides Tausch
234,1304789853,32.766667,35.016667,Aegilops speltoides Tausch
235,1304789852,32.483333,35.1,Aegilops speltoides Tausch
236,1304789849,32.683333000000005,34.966667,Aegilops speltoides Tausch
237,1304789848,32.766667,35.016667,Aegilops speltoides Tausch
238,1304789847,32.483333,35.1,Aegilops speltoides Tausch
239,1304789846,32.766667,35.016667,Aegilops speltoides Tausch
240,1304789845,32.683333000000005,35.15,Aegilops speltoides Tausch
241,1304789844,31.816667,34.733333,Aegilops speltoides Tausch
242,1304789843,32.683333000000005,34.966667,Aegilops speltoides Tausch
243,1304789842,32.766667,35.016667,Aegilops speltoides Tausch
244,1304789841,32.683333000000005,34.966667,Aegilops speltoides Tausch
245,1304789840,32.483333,35.1,Aegilops speltoides Tausch
246,1304789839,39.933333000000005,32.933333000000005,Aegilops speltoides Tausch
247,1304789838,32.683333000000005,35.15,Aegilops speltoides Tausch
248,1304789837,32.766667,35.016667,Aegilops speltoides Tausch
249,1304789835,32.483333,35.1,Aegilops speltoides Tausch
250,1304789834,32.766667,35.016667,Aegilops speltoides Tausch
251,1304789833,32.483333,35.1,Aegilops speltoides Tausch
252,1304789830,32.683333000000005,34.966667,Aegilops speltoides Tausch
253,1304789829,32.483333,35.1,Aegilops speltoides Tausch
254,1304789828,32.683333000000005,35.15,Aegilops speltoides Tausch
255,1304789827,32.683333000000005,34.966667,Aegilops speltoides Tausch
256,1304789826,32.766667,35.016667,Aegilops speltoides Tausch
257,1304789825,32.683333000000005,34.966667,Aegilops speltoides Tausch
258,1304789824,32.483333,35.1,Aegilops speltoides Tausch
259,1304789823,37.916667,40.266667,Aegilops speltoides Tausch
260,1304789822,32.483333,35.1,Aegilops speltoides Tausch
261,1304789821,32.766667,35.016667,Aegilops speltoides Tausch
262,1304789820,38.533333,39.033333,Aegilops speltoides Tausch
263,1304789819,32.766667,35.016667,Aegilops speltoides Tausch
264,1304789818,32.683333000000005,34.966667,Aegilops speltoides Tausch
265,1304789817,32.766667,35.016667,Aegilops speltoides Tausch
266,1304789816,32.683333000000005,34.966667,Aegilops speltoides Tausch
267,1304789815,32.766667,35.016667,Aegilops speltoides Tausch
268,1304789814,32.633333,34.983333,Aegilops speltoides Tausch
269,1304789813,32.766667,35.016667,Aegilops speltoides Tausch
270,1304789812,32.483333,35.1,Aegilops speltoides Tausch
271,1304789811,37.116667,44.516667,Aegilops speltoides Tausch
272,1304789810,32.683333000000005,34.966667,Aegilops speltoides Tausch
273,1304789809,32.683333000000005,34.966667,Aegilops speltoides Tausch
274,1304789808,32.683333000000005,35.15,Aegilops speltoides Tausch
275,1304789807,32.483333,35.1,Aegilops speltoides Tausch
276,1304789806,32.683333000000005,35.15,Aegilops speltoides Tausch
277,1304789805,32.483333,35.1,Aegilops speltoides Tausch
278,1304789804,35.851110999999996,35.863333000000004,Aegilops speltoides Tausch
279,1304789803,32.766667,35.016667,Aegilops speltoides Tausch
280,1304789802,32.683333000000005,34.966667,Aegilops speltoides Tausch
281,1304789800,32.483333,35.1,Aegilops speltoides Tausch
282,1304789799,32.683333000000005,35.15,Aegilops speltoides Tausch
283,1304789798,32.683333000000005,35.15,Aegilops speltoides Tausch
284,1304789797,32.683333000000005,34.966667,Aegilops speltoides Tausch
285,1304789795,38.0,40.416667,Aegilops speltoides Tausch
286,1304789794,32.483333,35.1,Aegilops speltoides Tausch
287,1304789793,32.766667,35.016667,Aegilops speltoides Tausch
288,1304789792,32.766667,35.016667,Aegilops speltoides Tausch
289,1304789791,32.766667,35.016667,Aegilops speltoides Tausch
290,1304789790,32.683333000000005,34.966667,Aegilops speltoides Tausch
291,1304789789,32.766667,35.016667,Aegilops speltoides Tausch
292,1304789787,32.766667,35.016667,Aegilops speltoides Tausch
293,1304789786,32.683333000000005,35.15,Aegilops speltoides Tausch
294,1304789785,32.483333,35.1,Aegilops speltoides Tausch
295,1304789784,32.683333000000005,34.966667,Aegilops speltoides Tausch
296,1304789783,32.683333000000005,35.15,Aegilops speltoides Tausch
297,1304789782,32.766667,35.016667,Aegilops speltoides Tausch
298,1304789781,32.683333000000005,34.966667,Aegilops speltoides Tausch
299,1304789780,32.683333000000005,34.966667,Aegilops speltoides Tausch
300,1304789779,32.766667,35.016667,Aegilops speltoides Tausch
301,1304789778,38.0,40.416667,Aegilops speltoides Tausch
302,1304789777,32.766667,35.016667,Aegilops speltoides Tausch
303,1304789776,32.483333,35.1,Aegilops speltoides Tausch
304,1304789775,32.483333,35.1,Aegilops speltoides Tausch
305,1304789774,32.483333,35.1,Aegilops speltoides Tausch
306,1304789773,38.0,40.416667,Aegilops speltoides Tausch
307,1304789772,32.766667,35.016667,Aegilops speltoides Tausch
308,1304789771,37.85,29.05,Aegilops speltoides Tausch
309,1304789770,32.483333,35.1,Aegilops speltoides Tausch
310,1304789769,32.683333000000005,34.966667,Aegilops speltoides Tausch
311,1304789768,32.683333000000005,35.15,Aegilops speltoides Tausch
312,1304789767,32.766667,35.016667,Aegilops speltoides Tausch
313,1304789766,32.683333000000005,34.966667,Aegilops speltoides Tausch
314,1304789765,32.683333000000005,34.966667,Aegilops speltoides Tausch
315,1304789764,32.683333000000005,35.15,Aegilops speltoides Tausch
316,1304789763,32.766667,35.016667,Aegilops speltoides Tausch
317,1304789762,32.483333,35.1,Aegilops speltoides Tausch
318,1304789761,32.766667,35.016667,Aegilops speltoides Tausch
319,1304789760,31.816667,34.733333,Aegilops speltoides Tausch
320,1304789758,32.683333000000005,34.966667,Aegilops speltoides Tausch
321,1304789757,32.483333,35.1,Aegilops speltoides Tausch
322,1304789756,32.683333000000005,34.966667,Aegilops speltoides Tausch
323,1304789755,32.766667,35.016667,Aegilops speltoides Tausch
324,1304789754,32.683333000000005,34.966667,Aegilops speltoides Tausch
325,1304789753,32.683333000000005,34.966667,Aegilops speltoides Tausch
326,1304789752,38.0,40.416667,Aegilops speltoides Tausch
327,1304789751,32.683333000000005,34.966667,Aegilops speltoides Tausch
328,1304789750,32.683333000000005,34.966667,Aegilops speltoides Tausch
329,1304789749,32.683333000000005,34.966667,Aegilops speltoides Tausch
330,1304789748,32.766667,35.016667,Aegilops speltoides Tausch
331,1304789747,32.683333000000005,34.966667,Aegilops speltoides Tausch
332,1304789745,32.483333,35.1,Aegilops speltoides Tausch
333,1304789744,32.483333,35.1,Aegilops speltoides Tausch
334,1304789743,32.766667,35.016667,Aegilops speltoides Tausch
335,1304789742,32.483333,35.1,Aegilops speltoides Tausch
336,1304789741,32.683333000000005,34.966667,Aegilops speltoides Tausch
337,1304789740,32.766667,35.016667,Aegilops speltoides Tausch
338,1304789739,32.683333000000005,34.966667,Aegilops speltoides Tausch
339,1304789738,32.766667,35.016667,Aegilops speltoides Tausch
340,1304789737,32.766667,35.016667,Aegilops speltoides Tausch
341,1304789736,32.766667,35.016667,Aegilops speltoides Tausch
342,1304789735,32.766667,35.016667,Aegilops speltoides Tausch
343,1304789734,32.683333000000005,35.15,Aegilops speltoides Tausch
344,1304789732,32.683333000000005,34.966667,Aegilops speltoides Tausch
345,1304789731,31.816667,34.733333,Aegilops speltoides Tausch
346,1304789730,32.766667,35.016667,Aegilops speltoides Tausch
347,1304789728,32.683333000000005,35.15,Aegilops speltoides Tausch
348,1304789727,38.0,40.416667,Aegilops speltoides Tausch
349,1304789726,32.766667,35.016667,Aegilops speltoides Tausch
350,1304789725,32.683333000000005,35.15,Aegilops speltoides Tausch
351,1304789724,37.918889,40.210556,Aegilops speltoides Tausch
352,1304789723,32.483333,35.1,Aegilops speltoides Tausch
353,1304789722,37.966667,40.333333,Aegilops speltoides Tausch
354,1304789721,32.683333000000005,35.15,Aegilops speltoides Tausch
355,1304789720,32.483333,35.1,Aegilops speltoides Tausch
356,1304789718,32.766667,35.016667,Aegilops speltoides Tausch
357,1304789717,32.766667,35.016667,Aegilops speltoides Tausch
358,1304789716,32.766667,35.016667,Aegilops speltoides Tausch
359,1304789715,32.733333,35.033333,Aegilops speltoides Tausch
360,1304789714,32.483333,35.1,Aegilops speltoides Tausch
361,1304789713,32.766667,35.016667,Aegilops speltoides Tausch
362,1304789712,32.766667,35.016667,Aegilops speltoides Tausch
363,1304789711,32.683333000000005,34.966667,Aegilops speltoides Tausch
364,1304789709,32.483333,35.1,Aegilops speltoides Tausch
365,1304789708,32.766667,35.016667,Aegilops speltoides Tausch
366,1304789707,32.683333000000005,34.966667,Aegilops speltoides Tausch
367,1304789706,32.483333,35.1,Aegilops speltoides Tausch
368,1304789705,38.0,40.416667,Aegilops speltoides Tausch
369,1304789704,32.683333000000005,35.15,Aegilops speltoides Tausch
370,1304789703,32.766667,35.016667,Aegilops speltoides Tausch
371,1304789702,32.483333,35.1,Aegilops speltoides Tausch
372,1304789701,32.683333000000005,34.966667,Aegilops speltoides Tausch
373,1304789700,32.683333000000005,34.966667,Aegilops speltoides Tausch
374,1304789699,32.683333000000005,34.966667,Aegilops speltoides Tausch
375,1304789697,32.683333000000005,34.966667,Aegilops speltoides Tausch
376,1304789696,32.683333000000005,34.966667,Aegilops speltoides Tausch
377,1304789695,38.0,40.416667,Aegilops speltoides Tausch
378,1304789694,32.683333000000005,34.966667,Aegilops speltoides Tausch
379,1304789693,32.683333000000005,35.15,Aegilops speltoides Tausch
380,1304789692,32.683333000000005,34.966667,Aegilops speltoides Tausch
381,1304789691,32.483333,35.1,Aegilops speltoides Tausch
382,1304789690,41.333333,27.483333000000002,Aegilops speltoides Tausch
383,1304789689,32.483333,35.1,Aegilops speltoides Tausch
384,1304789688,32.683333000000005,35.15,Aegilops speltoides Tausch
385,1304789687,32.683333000000005,35.15,Aegilops speltoides Tausch
386,1304789686,36.683333000000005,37.0,Aegilops speltoides Tausch
387,1304789684,32.683333000000005,35.15,Aegilops speltoides Tausch
388,1304789682,32.766667,35.016667,Aegilops speltoides Tausch
389,1304789681,32.483333,35.1,Aegilops speltoides Tausch
390,1304789680,40.516667,33.633333,Aegilops speltoides Tausch
391,1304789679,32.483333,35.1,Aegilops speltoides Tausch
392,1304789678,38.0,40.416667,Aegilops speltoides Tausch
393,1304789677,32.483333,35.1,Aegilops speltoides Tausch
394,1304789676,35.864444,35.900278,Aegilops speltoides Tausch
395,1304789675,32.766667,35.016667,Aegilops speltoides Tausch
396,1304789673,32.683333000000005,35.15,Aegilops speltoides Tausch
397,1304789672,32.766667,35.016667,Aegilops speltoides Tausch
398,1304789671,32.766667,35.016667,Aegilops speltoides Tausch
399,1304789670,32.683333000000005,34.966667,Aegilops speltoides Tausch
400,1304789669,32.683333000000005,34.966667,Aegilops speltoides Tausch
401,1304789667,32.683333000000005,34.966667,Aegilops speltoides Tausch
402,1304789665,32.683333000000005,34.966667,Aegilops speltoides Tausch
403,1304789664,32.766667,35.016667,Aegilops speltoides Tausch
404,1304789662,32.766667,35.016667,Aegilops speltoides Tausch
405,1304789658,32.683333000000005,34.966667,Aegilops speltoides Tausch
406,1304789655,32.483333,35.1,Aegilops speltoides Tausch
407,1304789654,35.633333,45.0,Aegilops speltoides Tausch
408,1304789653,32.683333000000005,34.966667,Aegilops speltoides Tausch
409,1304789652,32.766667,35.016667,Aegilops speltoides Tausch
410,1304789651,32.766667,35.016667,Aegilops speltoides Tausch
411,1304789649,32.683333000000005,34.966667,Aegilops speltoides Tausch
412,1304789648,32.766667,35.016667,Aegilops speltoides Tausch
413,1304789638,32.766667,35.016667,Aegilops speltoides Tausch
414,1304789626,32.766667,35.016667,Aegilops speltoides Tausch
415,1304789617,32.483333,35.1,Aegilops speltoides Tausch
416,1304710809,32.766667,35.016667,Aegilops speltoides Tausch
417,1304710798,31.816667,34.733333,Aegilops speltoides Tausch
418,1304710793,32.483333,35.1,Aegilops speltoides Tausch
419,1304710787,38.0,40.416667,Aegilops speltoides Tausch
420,1304710783,32.483333,35.1,Aegilops speltoides Tausch
421,1304710781,37.966667,40.333333,Aegilops speltoides Tausch
422,1304710775,32.483333,35.1,Aegilops speltoides Tausch
423,1304710774,32.683333000000005,34.966667,Aegilops speltoides Tausch
424,1304710773,32.683333000000005,34.966667,Aegilops speltoides Tausch
425,1304710770,32.683333000000005,35.15,Aegilops speltoides Tausch
426,1304710769,35.1,36.166667,Aegilops speltoides Tausch
427,1304710765,32.683333000000005,34.966667,Aegilops speltoides Tausch
428,1304710764,37.116667,44.516667,Aegilops speltoides Tausch
429,1304710760,32.683333000000005,34.966667,Aegilops speltoides Tausch
430,1304710758,32.683333000000005,34.966667,Aegilops speltoides Tausch
431,1304710757,32.683333000000005,35.15,Aegilops speltoides Tausch
432,1304710756,32.683333000000005,34.966667,Aegilops speltoides Tausch
433,1304710755,32.683333000000005,34.966667,Aegilops speltoides Tausch
434,1304710752,32.683333000000005,34.966667,Aegilops speltoides Tausch
435,1304710750,32.483333,35.1,Aegilops speltoides Tausch
436,1304710749,32.683333000000005,35.15,Aegilops speltoides Tausch
437,1304710748,31.816667,34.733333,Aegilops speltoides Tausch
438,1304710747,32.683333000000005,34.966667,Aegilops speltoides Tausch
439,1304710743,32.683333000000005,35.15,Aegilops speltoides Tausch
440,1304710742,32.683333000000005,35.15,Aegilops speltoides Tausch
441,1304710741,32.483333,35.1,Aegilops speltoides Tausch
442,1304710740,32.683333000000005,34.966667,Aegilops speltoides Tausch
443,1304710739,32.683333000000005,35.15,Aegilops speltoides Tausch
444,1304710738,32.683333000000005,34.966667,Aegilops speltoides Tausch
445,1304710737,32.766667,35.016667,Aegilops speltoides Tausch
446,1304710735,39.933333000000005,32.933333000000005,Aegilops speltoides Tausch
447,1304710734,32.683333000000005,34.966667,Aegilops speltoides Tausch
448,1304710733,32.766667,35.016667,Aegilops speltoides Tausch
449,1304710732,32.766667,35.016667,Aegilops speltoides Tausch
450,1304710731,32.683333000000005,34.966667,Aegilops speltoides Tausch
451,1304710730,32.766667,35.016667,Aegilops speltoides Tausch
452,1304710729,32.483333,35.1,Aegilops speltoides Tausch
453,1304710728,32.633333,34.983333,Aegilops speltoides Tausch
454,1304710726,32.766667,35.016667,Aegilops speltoides Tausch
455,1304710725,32.766667,35.016667,Aegilops speltoides Tausch
456,1304710724,31.816667,34.733333,Aegilops speltoides Tausch
457,1304710723,32.766667,35.016667,Aegilops speltoides Tausch
458,1304710722,32.483333,35.1,Aegilops speltoides Tausch
459,1304710720,36.4,44.133333,Aegilops speltoides Tausch
460,1304710719,32.683333000000005,34.966667,Aegilops speltoides Tausch
461,1304710717,32.766667,35.016667,Aegilops speltoides Tausch
462,1304710716,38.0,40.416667,Aegilops speltoides Tausch
463,1304710713,32.683333000000005,34.966667,Aegilops speltoides Tausch
464,1304710712,36.439167,37.039722,Aegilops speltoides Tausch
465,1304710710,32.766667,35.016667,Aegilops speltoides Tausch
466,1304710709,32.683333000000005,35.15,Aegilops speltoides Tausch
467,1304710708,32.766667,35.016667,Aegilops speltoides Tausch
468,1304710707,32.766667,35.016667,Aegilops speltoides Tausch
469,1304710706,32.683333000000005,35.15,Aegilops speltoides Tausch
470,1304710704,32.683333000000005,34.966667,Aegilops speltoides Tausch
471,1304710703,32.683333000000005,34.966667,Aegilops speltoides Tausch
472,1304710701,32.683333000000005,34.966667,Aegilops speltoides Tausch
473,1304710698,41.333333,27.483333000000002,Aegilops speltoides Tausch
474,1304710697,32.683333000000005,35.15,Aegilops speltoides Tausch
475,1304710695,32.766667,35.016667,Aegilops speltoides Tausch
476,1304710694,32.683333000000005,34.966667,Aegilops speltoides Tausch
477,1304710693,32.483333,35.1,Aegilops speltoides Tausch
478,1304710692,32.483333,35.1,Aegilops speltoides Tausch
479,1304710691,32.683333000000005,34.966667,Aegilops speltoides Tausch
480,1304710690,32.766667,35.016667,Aegilops speltoides Tausch
481,1304710689,40.616667,33.616667,Aegilops speltoides Tausch
482,1304710687,37.916667,40.266667,Aegilops speltoides Tausch
483,1304710686,32.766667,35.016667,Aegilops speltoides Tausch
484,1304710685,32.766667,35.016667,Aegilops speltoides Tausch
485,1304710683,38.0,40.416667,Aegilops speltoides Tausch
486,1304710681,38.0,40.416667,Aegilops speltoides Tausch
487,1304710679,32.683333000000005,34.966667,Aegilops speltoides Tausch
488,1304710678,32.766667,35.016667,Aegilops speltoides Tausch
489,1304710677,32.683333000000005,35.15,Aegilops speltoides Tausch
490,1304710676,37.966667,40.333333,Aegilops speltoides Tausch
491,1304710674,32.483333,35.1,Aegilops speltoides Tausch
492,1304710673,32.683333000000005,35.15,Aegilops speltoides Tausch
493,1304710672,32.683333000000005,34.966667,Aegilops speltoides Tausch
494,1304710669,36.230556,36.55,Aegilops speltoides Tausch
495,1304710668,32.766667,35.016667,Aegilops speltoides Tausch
496,1304710667,32.683333000000005,34.966667,Aegilops speltoides Tausch
497,1304710665,32.766667,35.016667,Aegilops speltoides Tausch
498,1304710664,37.85,29.05,Aegilops speltoides Tausch
499,1304710663,32.683333000000005,34.966667,Aegilops speltoides Tausch
500,1304710661,32.483333,35.1,Aegilops speltoides Tausch
501,1304710660,32.483333,35.1,Aegilops speltoides Tausch
502,1304710659,32.683333000000005,34.966667,Aegilops speltoides Tausch
503,1304710658,32.483333,35.1,Aegilops speltoides Tausch
504,1304710657,32.683333000000005,34.966667,Aegilops speltoides Tausch
505,1304710656,32.766667,35.016667,Aegilops speltoides Tausch
506,1304710655,32.683333000000005,34.966667,Aegilops speltoides Tausch
507,1304710654,32.766667,35.016667,Aegilops speltoides Tausch
508,1304710653,32.683333000000005,35.15,Aegilops speltoides Tausch
509,1304710651,32.683333000000005,35.15,Aegilops speltoides Tausch
510,1304710650,35.851110999999996,35.863333000000004,Aegilops speltoides Tausch
511,1304710649,32.483333,35.1,Aegilops speltoides Tausch
512,1304710648,32.483333,35.1,Aegilops speltoides Tausch
513,1304710647,32.766667,35.016667,Aegilops speltoides Tausch
514,1304710646,32.766667,35.016667,Aegilops speltoides Tausch
515,1304710645,32.766667,35.016667,Aegilops speltoides Tausch
516,1304710644,32.766667,35.016667,Aegilops speltoides Tausch
517,1304710642,32.683333000000005,35.15,Aegilops speltoides Tausch
518,1304710640,32.766667,35.016667,Aegilops speltoides Tausch
519,1304710638,32.683333000000005,35.15,Aegilops speltoides Tausch
520,1304710637,32.683333000000005,34.966667,Aegilops speltoides Tausch
521,1304710636,32.683333000000005,34.966667,Aegilops speltoides Tausch
522,1304710635,32.766667,35.016667,Aegilops speltoides Tausch
523,1304710633,32.683333000000005,34.966667,Aegilops speltoides Tausch
524,1304710632,32.683333000000005,34.966667,Aegilops speltoides Tausch
525,1304710629,32.683333000000005,35.15,Aegilops speltoides Tausch
526,1304710628,32.683333000000005,34.966667,Aegilops speltoides Tausch
527,1304710627,38.0,40.416667,Aegilops speltoides Tausch
528,1304710626,32.483333,35.1,Aegilops speltoides Tausch
529,1304710625,32.483333,35.1,Aegilops speltoides Tausch
530,1304710624,32.483333,35.1,Aegilops speltoides Tausch
531,1304710623,32.483333,35.1,Aegilops speltoides Tausch
532,1304710621,32.683333000000005,34.966667,Aegilops speltoides Tausch
533,1304710620,32.683333000000005,35.15,Aegilops speltoides Tausch
534,1304710619,32.766667,35.016667,Aegilops speltoides Tausch
535,1304710618,32.683333000000005,34.966667,Aegilops speltoides Tausch
536,1304710617,35.637221999999994,35.994721999999996,Aegilops speltoides Tausch
537,1304710614,32.683333000000005,34.966667,Aegilops speltoides Tausch
538,1304710611,32.766667,35.016667,Aegilops speltoides Tausch
539,1304710610,32.483333,35.1,Aegilops speltoides Tausch
540,1304710609,32.483333,35.1,Aegilops speltoides Tausch
541,1304710608,32.483333,35.1,Aegilops speltoides Tausch
542,1304710607,32.483333,35.1,Aegilops speltoides Tausch
543,1304710606,32.766667,35.016667,Aegilops speltoides Tausch
544,1304710604,32.683333000000005,35.15,Aegilops speltoides Tausch
545,1304710603,32.683333000000005,34.966667,Aegilops speltoides Tausch
546,1304710602,32.483333,35.1,Aegilops speltoides Tausch
547,1304710601,32.483333,35.1,Aegilops speltoides Tausch
548,1304710600,36.194444,36.75,Aegilops speltoides Tausch
549,1304710599,32.766667,35.016667,Aegilops speltoides Tausch
550,1304710597,32.766667,35.016667,Aegilops speltoides Tausch
551,1304710596,32.766667,35.016667,Aegilops speltoides Tausch
552,1304710594,32.766667,35.016667,Aegilops speltoides Tausch
553,1304710593,32.683333000000005,35.15,Aegilops speltoides Tausch
554,1304710592,32.483333,35.1,Aegilops speltoides Tausch
555,1304710591,32.683333000000005,34.966667,Aegilops speltoides Tausch
556,1304710590,32.766667,35.016667,Aegilops speltoides Tausch
557,1304710589,32.683333000000005,34.966667,Aegilops speltoides Tausch
558,1304710588,32.766667,35.016667,Aegilops speltoides Tausch
559,1304710587,32.483333,35.1,Aegilops speltoides Tausch
560,1304710586,32.683333000000005,35.15,Aegilops speltoides Tausch
561,1304710585,32.683333000000005,34.966667,Aegilops speltoides Tausch
562,1304710583,32.483333,35.1,Aegilops speltoides Tausch
563,1304710582,32.483333,35.1,Aegilops speltoides Tausch
564,1304710581,32.766667,35.016667,Aegilops speltoides Tausch
565,1304710580,32.766667,35.016667,Aegilops speltoides Tausch
566,1304710579,38.533333,39.033333,Aegilops speltoides Tausch
567,1304710578,32.683333000000005,34.966667,Aegilops speltoides Tausch
568,1304710577,32.483333,35.1,Aegilops speltoides Tausch
569,1304710576,32.766667,35.016667,Aegilops speltoides Tausch
570,1304710575,32.766667,35.016667,Aegilops speltoides Tausch
571,1304710573,37.918889,40.210556,Aegilops speltoides Tausch
572,1304710572,32.483333,35.1,Aegilops speltoides Tausch
573,1304710571,38.05,41.75,Aegilops speltoides Tausch
574,1304710570,32.683333000000005,34.966667,Aegilops speltoides Tausch
575,1304710569,32.683333000000005,34.966667,Aegilops speltoides Tausch
576,1304710568,32.683333000000005,34.966667,Aegilops speltoides Tausch
577,1304710567,32.683333000000005,34.966667,Aegilops speltoides Tausch
578,1304710566,32.766667,35.016667,Aegilops speltoides Tausch
579,1304710564,32.683333000000005,35.15,Aegilops speltoides Tausch
580,1304710562,32.766667,35.016667,Aegilops speltoides Tausch
581,1304710561,32.766667,35.016667,Aegilops speltoides Tausch
582,1304710559,32.766667,35.016667,Aegilops speltoides Tausch
583,1304710558,32.766667,35.016667,Aegilops speltoides Tausch
584,1304710556,32.683333000000005,34.966667,Aegilops speltoides Tausch
585,1304710555,32.683333000000005,34.966667,Aegilops speltoides Tausch
586,1304710554,32.683333000000005,35.15,Aegilops speltoides Tausch
587,1304710553,38.0,40.416667,Aegilops speltoides Tausch
588,1304710552,37.966667,40.333333,Aegilops speltoides Tausch
589,1304710551,32.766667,35.016667,Aegilops speltoides Tausch
590,1304710550,32.766667,35.016667,Aegilops speltoides Tausch
591,1304710546,31.816667,34.733333,Aegilops speltoides Tausch
592,1304710545,38.0,40.416667,Aegilops speltoides Tausch
593,1304710543,32.766667,35.016667,Aegilops speltoides Tausch
594,1304710542,32.483333,35.1,Aegilops speltoides Tausch
595,1304710541,38.0,40.416667,Aegilops speltoides Tausch
596,1304710540,32.683333000000005,34.966667,Aegilops speltoides Tausch
597,1304710539,31.816667,34.733333,Aegilops speltoides Tausch
598,1304710538,32.766667,35.016667,Aegilops speltoides Tausch
599,1304710537,32.683333000000005,34.966667,Aegilops speltoides Tausch
600,1304710535,39.016667,39.566666999999995,Aegilops speltoides Tausch
601,1304710534,32.683333000000005,34.966667,Aegilops speltoides Tausch
602,1304710533,32.766667,35.016667,Aegilops speltoides Tausch
603,1304710529,32.766667,35.016667,Aegilops speltoides Tausch
604,1304710528,38.0,40.416667,Aegilops speltoides Tausch
605,1304710527,32.683333000000005,35.15,Aegilops speltoides Tausch
606,1304710526,32.483333,35.1,Aegilops speltoides Tausch
607,1304710525,40.033333,32.916667,Aegilops speltoides Tausch
608,1304710524,32.766667,35.016667,Aegilops speltoides Tausch
609,1304710523,32.683333000000005,34.966667,Aegilops speltoides Tausch
610,1304710521,32.766667,35.016667,Aegilops speltoides Tausch
611,1304710520,32.683333000000005,34.966667,Aegilops speltoides Tausch
612,1304710519,32.766667,35.016667,Aegilops speltoides Tausch
613,1304710518,32.483333,35.1,Aegilops speltoides Tausch
614,1304710517,32.683333000000005,34.966667,Aegilops speltoides Tausch
615,1304710516,32.483333,35.1,Aegilops speltoides Tausch
616,1304710515,32.683333000000005,34.966667,Aegilops speltoides Tausch
617,1304710514,32.483333,35.1,Aegilops speltoides Tausch
618,1304710513,32.483333,35.1,Aegilops speltoides Tausch
619,1304710512,32.483333,35.1,Aegilops speltoides Tausch
620,1304710510,32.683333000000005,34.966667,Aegilops speltoides Tausch
621,1304710509,38.0,40.416667,Aegilops speltoides Tausch
622,1304710506,32.483333,35.1,Aegilops speltoides Tausch
623,1304710505,32.766667,35.016667,Aegilops speltoides Tausch
624,1304710504,32.683333000000005,35.15,Aegilops speltoides Tausch
625,1304710503,32.683333000000005,34.966667,Aegilops speltoides Tausch
626,1304710502,32.683333000000005,35.15,Aegilops speltoides Tausch
627,1304710501,32.683333000000005,35.15,Aegilops speltoides Tausch
628,1304710500,32.733333,35.033333,Aegilops speltoides Tausch
629,1304710497,32.483333,35.1,Aegilops speltoides Tausch
630,1304710496,32.683333000000005,34.966667,Aegilops speltoides Tausch
631,1304710495,32.683333000000005,34.966667,Aegilops speltoides Tausch
632,1304710494,32.683333000000005,34.966667,Aegilops speltoides Tausch
633,1304710493,32.683333000000005,34.966667,Aegilops speltoides Tausch
634,1304710492,32.683333000000005,34.966667,Aegilops speltoides Tausch
635,1304710491,36.683333000000005,37.0,Aegilops speltoides Tausch
636,1304710490,32.766667,35.016667,Aegilops speltoides Tausch
637,1304710487,35.864444,35.900278,Aegilops speltoides Tausch
638,1304710486,40.516667,33.633333,Aegilops speltoides Tausch
639,1304710485,32.683333000000005,34.966667,Aegilops speltoides Tausch
640,1304710482,32.683333000000005,34.966667,Aegilops speltoides Tausch
641,1304710481,41.333333,27.483333000000002,Aegilops speltoides Tausch
642,1304710480,32.766667,35.016667,Aegilops speltoides Tausch
643,1304710479,32.683333000000005,35.15,Aegilops speltoides Tausch
644,1304710477,32.766667,35.016667,Aegilops speltoides Tausch
645,1304710474,32.483333,35.1,Aegilops speltoides Tausch
646,1304710470,35.633333,45.0,Aegilops speltoides Tausch
647,1304710469,32.683333000000005,35.15,Aegilops speltoides Tausch
648,1304710458,32.766667,35.016667,Aegilops speltoides Tausch
649,1304710454,32.766667,35.016667,Aegilops speltoides Tausch
650,1304710449,32.683333000000005,35.15,Aegilops speltoides Tausch
651,1304710446,32.766667,35.016667,Aegilops speltoides Tausch
652,1304710436,32.766667,35.016667,Aegilops speltoides Tausch
653,1302275534,35.66,35.86,Aegilops speltoides Tausch
654,1302275464,32.55,48.86,Aegilops speltoides subsp. ligustica (Savign.) Zhuk.
655,1302275442,37.73,42.25,Aegilops speltoides subsp. speltoides
656,1302275434,36.16,36.83,Aegilops speltoides Tausch
657,1302275426,35.88,35.8,Aegilops speltoides Tausch
658,1302275415,36.23,36.55,Aegilops speltoides Tausch
659,1302275413,36.31,37.08,Aegilops speltoides Tausch
660,1302275410,37.81,41.86,Aegilops speltoides subsp. speltoides
661,1302275408,32.55,48.86,Aegilops speltoides subsp. ligustica (Savign.) Zhuk.
662,1302275407,35.86,35.86,Aegilops speltoides Tausch
663,1302275403,35.11,36.11,Aegilops speltoides Tausch
664,1302275400,36.68,37.0,Aegilops speltoides Tausch
665,1302275399,38.01,41.45,Aegilops speltoides subsp. speltoides
666,1302275397,37.75,42.16,Aegilops speltoides subsp. speltoides
667,1302275392,35.96,45.9,Aegilops speltoides subsp. ligustica (Savign.) Zhuk.
668,1302275382,35.96,45.9,Aegilops speltoides subsp. ligustica (Savign.) Zhuk.
669,1302275377,31.33,36.21,Aegilops speltoides Tausch
670,1302275374,35.96,45.9,Aegilops speltoides subsp. ligustica (Savign.) Zhuk.
671,1302275362,38.06,41.78,Aegilops speltoides subsp. speltoides
672,1302275358,37.63,42.35,Aegilops speltoides subsp. speltoides
673,1302275353,38.81,41.58,Aegilops speltoides subsp. ligustica (Savign.) Zhuk.
674,1302275347,38.03,42.08,Aegilops speltoides subsp. speltoides
675,1302275343,37.93,42.26,Aegilops speltoides subsp. speltoides
676,1302275341,37.75,42.16,Aegilops speltoides subsp. ligustica (Savign.) Zhuk.
677,1302275339,37.78,42.05,Aegilops speltoides subsp. speltoides
678,1302275335,35.5,46.15,Aegilops speltoides subsp. ligustica (Savign.) Zhuk.
679,1301853170,38.8167,39.5667,Aegilops speltoides subsp. speltoides
680,1301807261,40.9667,27.1667,Aegilops speltoides subsp. speltoides
681,1301788111,37.15,38.8,Aegilops speltoides Tausch
682,1301737815,38.35,38.3,Aegilops speltoides subsp. speltoides
683,1301702752,32.8167,34.9667,Aegilops speltoides subsp. speltoides
684,1301702744,32.8167,34.9667,Aegilops speltoides subsp. speltoides
685,1301676446,31.25,34.3,Aegilops speltoides subsp. speltoides
686,1301640042,36.7667,35.7667,Aegilops speltoides subsp. speltoides
687,1301639954,37.0,35.4667,Aegilops speltoides subsp. speltoides
688,1301637497,32.9167,35.0667,Aegilops speltoides subsp. speltoides
689,1300786256,38.05,40.0,Aegilops speltoides subsp. speltoides
690,1300786253,36.533333,36.958333,Aegilops speltoides Tausch
691,1300786252,38.05,40.0,Aegilops speltoides subsp. speltoides
692,1300786243,38.05,40.0,Aegilops speltoides subsp. speltoides
693,1300786241,38.05,40.0,Aegilops speltoides subsp. speltoides
694,1300786240,35.733333,44.483333,Aegilops speltoides Tausch
695,1300786233,37.308333000000005,42.2225,Aegilops speltoides Tausch
696,1300786232,37.045,41.096944,Aegilops speltoides subsp. speltoides
697,1300786231,35.672222,35.805556,Aegilops speltoides Tausch
698,1300786230,37.116667,43.483333,Aegilops speltoides subsp. speltoides
699,1300786229,36.880833,37.518333,Aegilops speltoides subsp. speltoides
700,1300786228,37.293056,42.211944,Aegilops speltoides subsp. speltoides
701,1300786227,37.2675,37.520278000000005,Aegilops speltoides subsp. speltoides
702,1300786226,37.274167,37.292221999999995,Aegilops speltoides subsp. speltoides
703,1300786225,38.533333,39.033333,Aegilops speltoides subsp. speltoides
704,1300786224,37.1,41.6666,Aegilops speltoides subsp. speltoides
705,1300786223,37.296389000000005,37.390278,Aegilops speltoides subsp. speltoides
706,1300786221,36.867222,36.95,Aegilops speltoides subsp. speltoides
707,1300786220,38.05,40.0,Aegilops speltoides subsp. speltoides
708,1300786219,38.05,40.0,Aegilops speltoides subsp. speltoides
709,1300786218,37.014444,41.640278,Aegilops speltoides subsp. speltoides
710,1300786217,36.644166999999996,40.798611,Aegilops speltoides Tausch
711,1300786216,37.85,29.15,Aegilops speltoides subsp. speltoides
712,1300786215,37.066666999999995,41.02125,Aegilops speltoides subsp. speltoides
713,1300786214,37.066666999999995,42.126783,Aegilops speltoides subsp. speltoides
714,1300786212,38.05,40.0,Aegilops speltoides subsp. speltoides
715,1300786211,36.6425,37.525,Aegilops speltoides Tausch
716,1300786210,36.971667,36.904167,Aegilops speltoides subsp. speltoides
717,1300786209,37.233333,44.466667,Aegilops speltoides subsp. speltoides
718,1300786208,37.066666999999995,41.085867,Aegilops speltoides subsp. speltoides
719,1300786207,35.733333,44.483333,Aegilops speltoides subsp. speltoides
720,1300786206,34.75,45.066666999999995,Aegilops speltoides subsp. speltoides
721,1300786205,36.333333,42.0,Aegilops speltoides subsp. speltoides
722,1300786204,37.043333000000004,42.023333,Aegilops speltoides subsp. speltoides
723,1300786203,37.008611,37.133889,Aegilops speltoides subsp. speltoides
724,1300786202,36.433333000000005,43.416667,Aegilops speltoides subsp. speltoides
725,1300786201,36.886666999999996,36.7175,Aegilops speltoides subsp. speltoides
726,1300786200,36.992222,36.932221999999996,Aegilops speltoides subsp. speltoides
727,1300786199,36.588889,37.652778000000005,Aegilops speltoides subsp. speltoides
728,1300786198,38.05,40.0,Aegilops speltoides subsp. speltoides
729,1300786197,36.85,38.387221999999994,Aegilops speltoides subsp. speltoides
730,1300786196,35.666667,35.781389000000004,Aegilops speltoides subsp. speltoides
731,1300786195,36.85,37.15,Aegilops speltoides subsp. speltoides
732,1300786194,36.843610999999996,36.838333,Aegilops speltoides subsp. speltoides
733,1300786193,36.370833000000005,36.855,Aegilops speltoides subsp. speltoides
734,1300786192,37.1,41.6666,Aegilops speltoides subsp. speltoides
735,1300786191,37.066666999999995,41.085867,Aegilops speltoides subsp. speltoides
736,1300786190,35.866667,45.05,Aegilops speltoides subsp. speltoides
737,1300786189,36.906389000000004,36.93,Aegilops speltoides subsp. speltoides
738,1300786188,35.600278,36.5525,Aegilops speltoides subsp. speltoides
739,1300786187,37.1,40.844633,Aegilops speltoides subsp. speltoides
740,1300786186,38.05,40.0,Aegilops speltoides subsp. speltoides
741,1300786185,36.828889000000004,37.591667,Aegilops speltoides subsp. speltoides
742,1300786184,36.383333,44.283333,Aegilops speltoides subsp. speltoides
743,1300786183,35.916667,44.066666999999995,Aegilops speltoides subsp. speltoides
744,1300786182,35.666667,35.781389000000004,Aegilops speltoides subsp. speltoides
745,1300786181,36.5,44.4,Aegilops speltoides subsp. speltoides
746,1300786180,35.2,36.85,Aegilops speltoides subsp. speltoides
747,1300786179,36.838889,36.9325,Aegilops speltoides subsp. speltoides
748,1300786178,34.942221999999994,36.845833,Aegilops speltoides subsp. speltoides
749,1300786177,35.691666999999995,35.829167,Aegilops speltoides subsp. speltoides
750,1300786176,35.483333,45.366667,Aegilops speltoides subsp. speltoides
751,1300786175,35.678889,36.151666999999996,Aegilops speltoides subsp. speltoides
752,1300786173,35.666667,35.781389000000004,Aegilops speltoides subsp. speltoides
753,1300786172,35.55,44.05,Aegilops speltoides subsp. speltoides
754,1300786171,36.483333,43.233333,Aegilops speltoides subsp. speltoides
755,1300786170,36.383333,43.416667,Aegilops speltoides subsp. speltoides
756,1300786169,35.79,36.312222,Aegilops speltoides subsp. speltoides
757,1300786168,38.05,40.0,Aegilops speltoides subsp. ligustica (Savign.) Zhuk.
758,1300786167,37.293056,42.211944,Aegilops speltoides subsp. ligustica (Savign.) Zhuk.
759,1300786166,37.270833,37.540278,Aegilops speltoides subsp. ligustica (Savign.) Zhuk.
760,1300786165,36.65,43.316666999999995,Aegilops speltoides subsp. speltoides
761,1300786164,36.55,43.25,Aegilops speltoides subsp. speltoides
762,1300786163,37.296389000000005,37.390278,Aegilops speltoides subsp. ligustica (Savign.) Zhuk.
763,1300786162,37.233333,44.466667,Aegilops speltoides subsp. ligustica (Savign.) Zhuk.
764,1300786161,38.05,40.0,Aegilops speltoides subsp. ligustica (Savign.) Zhuk.
765,1300786160,35.25,44.283333,Aegilops speltoides subsp. speltoides
766,1300786159,35.673333,36.151111,Aegilops speltoides subsp. speltoides
767,1300786158,38.05,40.0,Aegilops speltoides subsp. ligustica (Savign.) Zhuk.
768,1300786157,37.2675,37.520278000000005,Aegilops speltoides subsp. ligustica (Savign.) Zhuk.
769,1300786156,37.253056,37.333056,Aegilops speltoides subsp. ligustica (Savign.) Zhuk.
770,1300786155,37.9,40.233333,Aegilops speltoides subsp. ligustica (Savign.) Zhuk.
771,1300786153,35.583333,43.0,Aegilops speltoides subsp. speltoides
772,1300786152,37.083333,40.701167,Aegilops speltoides subsp. ligustica (Savign.) Zhuk.
773,1300786151,36.843610999999996,36.838333,Aegilops speltoides subsp. ligustica (Savign.) Zhuk.
774,1300786150,37.206389,42.18,Aegilops speltoides subsp. ligustica (Savign.) Zhuk.
775,1300786149,35.533333,45.45,Aegilops speltoides subsp. speltoides
776,1300786148,37.014444,41.640278,Aegilops speltoides subsp. ligustica (Savign.) Zhuk.
777,1300786147,36.853611,37.521389,Aegilops speltoides subsp. ligustica (Savign.) Zhuk.
778,1300786146,37.308333000000005,42.2225,Aegilops speltoides subsp. ligustica (Savign.) Zhuk.
779,1300786145,36.5,44.4,Aegilops speltoides subsp. ligustica (Savign.) Zhuk.
780,1300786144,37.274167,37.292221999999995,Aegilops speltoides subsp. ligustica (Savign.) Zhuk.
781,1300786143,38.05,40.0,Aegilops speltoides subsp. ligustica (Savign.) Zhuk.
782,1300786142,37.083333,40.701167,Aegilops speltoides subsp. ligustica (Savign.) Zhuk.
783,1300786141,37.045,41.096944,Aegilops speltoides subsp. ligustica (Savign.) Zhuk.
784,1300786140,37.275278,42.209167,Aegilops speltoides subsp. ligustica (Savign.) Zhuk.
785,1300786139,37.043333000000004,42.023333,Aegilops speltoides subsp. ligustica (Savign.) Zhuk.
786,1300786138,35.5,44.783333,Aegilops speltoides subsp. ligustica (Savign.) Zhuk.
787,1300786137,36.383333,43.416667,Aegilops speltoides subsp. ligustica (Savign.) Zhuk.
788,1300786136,35.966667,45.9,Aegilops speltoides subsp. ligustica (Savign.) Zhuk.
789,1300786135,35.583333,43.0,Aegilops speltoides subsp. ligustica (Savign.) Zhuk.
790,1300786134,37.008611,37.133889,Aegilops speltoides subsp. ligustica (Savign.) Zhuk.
791,1300786133,36.867222,36.95,Aegilops speltoides subsp. ligustica (Savign.) Zhuk.
792,1300786132,35.966667,45.9,Aegilops speltoides subsp. ligustica (Savign.) Zhuk.
793,1300786130,36.880833,37.518333,Aegilops speltoides subsp. ligustica (Savign.) Zhuk.
794,1300786129,35.966667,45.9,Aegilops speltoides subsp. ligustica (Savign.) Zhuk.
795,1300786127,32.55,48.866667,Aegilops speltoides subsp. ligustica (Savign.) Zhuk.
796,1300786126,36.886666999999996,36.7175,Aegilops speltoides subsp. ligustica (Savign.) Zhuk.
797,1300786125,35.866667,45.05,Aegilops speltoides subsp. ligustica (Savign.) Zhuk.
798,1300786122,38.933333000000005,40.716667,Aegilops speltoides subsp. ligustica (Savign.) Zhuk.
799,1300786121,36.828889000000004,37.591667,Aegilops speltoides subsp. ligustica (Savign.) Zhuk.
800,1300786120,35.851110999999996,35.863333000000004,Aegilops speltoides subsp. speltoides
801,1300786118,35.5,46.15,Aegilops speltoides subsp. ligustica (Savign.) Zhuk.
802,1300786116,36.969444,37.059166999999995,Aegilops speltoides subsp. ligustica (Savign.) Zhuk.
803,1300786115,34.777778000000005,36.083333,Aegilops speltoides subsp. speltoides
804,1300786114,35.563889,36.892778,Aegilops speltoides subsp. ligustica (Savign.) Zhuk.
805,1300786113,34.738056,36.034167,Aegilops speltoides subsp. speltoides
806,1300786112,35.1,36.166667,Aegilops speltoides subsp. speltoides
807,1300786110,35.864444,35.900278,Aegilops speltoides subsp. speltoides
808,1300786109,37.05,41.746183,Aegilops speltoides subsp. ligustica (Savign.) Zhuk.
809,1300786108,37.253056,37.333056,Aegilops speltoides subsp. speltoides
810,1300786105,35.637221999999994,35.994721999999996,Aegilops speltoides subsp. speltoides
811,1300786104,35.6625,35.833333,Aegilops speltoides subsp. speltoides
812,1300786103,36.890833,38.238611,Aegilops speltoides subsp. speltoides
813,1300786102,32.55,48.866667,Aegilops speltoides subsp. ligustica (Savign.) Zhuk.
814,1300786101,37.082221999999994,40.998611,Aegilops speltoides subsp. ligustica (Savign.) Zhuk.
815,1300786100,36.683333000000005,37.0,Aegilops speltoides subsp. ligustica (Savign.) Zhuk.
816,1300786098,37.077778,42.070555999999996,Aegilops speltoides subsp. speltoides
817,1300786097,37.077778,42.070555999999996,Aegilops speltoides subsp. ligustica (Savign.) Zhuk.
818,1300786096,35.869444,36.229167,Aegilops speltoides subsp. speltoides
819,1300786095,36.439167,37.039722,Aegilops speltoides subsp. ligustica (Savign.) Zhuk.
820,1300786092,36.608610999999996,37.665278,Aegilops speltoides subsp. speltoides
821,1300786091,36.230556,36.55,Aegilops speltoides subsp. speltoides
822,1300786090,36.639722,38.038610999999996,Aegilops speltoides subsp. speltoides
823,1300786089,37.082221999999994,40.998611,Aegilops speltoides subsp. speltoides
824,1300786088,35.593056,35.766110999999995,Aegilops speltoides subsp. speltoides
825,1300786087,36.521667,37.0325,Aegilops speltoides Tausch
826,1300786086,35.502778,36.019444,Aegilops speltoides subsp. ligustica (Savign.) Zhuk.
827,1300786085,36.716389,36.640833,Aegilops speltoides subsp. speltoides
828,1300786084,35.483333,35.95,Aegilops speltoides subsp. speltoides
829,1300786083,35.930556,35.996944,Aegilops speltoides subsp. speltoides
830,1300786082,35.561111,35.966667,Aegilops speltoides subsp. ligustica (Savign.) Zhuk.
831,1300786081,38.7,38.916667,Aegilops speltoides subsp. speltoides
832,1300786080,39.133333,31.033333000000002,Aegilops speltoides subsp. ligustica (Savign.) Zhuk.
833,1300786079,37.111111,40.816666999999995,Aegilops speltoides subsp. ligustica (Savign.) Zhuk.
834,1300786078,36.632778,37.541111,Aegilops speltoides subsp. speltoides
835,1300786077,36.194444,36.75,Aegilops speltoides subsp. speltoides
836,1300786076,36.785,38.398056,Aegilops speltoides subsp. speltoides
837,1300786075,36.166667,43.366667,Aegilops speltoides subsp. ligustica (Savign.) Zhuk.
838,1300786074,35.796110999999996,35.995,Aegilops speltoides subsp. ligustica (Savign.) Zhuk.
839,1300786073,35.796110999999996,35.995,Aegilops speltoides subsp. speltoides
840,1300786072,36.658333,36.706389,Aegilops speltoides subsp. speltoides
841,1300786071,35.869444,36.229167,Aegilops speltoides subsp. speltoides
842,1300786070,35.650556,36.013056,Aegilops speltoides subsp. speltoides
843,1300786069,37.206389,42.18,Aegilops speltoides subsp. speltoides
844,1300786068,35.483333,35.95,Aegilops speltoides subsp. ligustica (Savign.) Zhuk.
845,1300786067,37.270833,37.540278,Aegilops speltoides subsp. speltoides
846,1300786066,36.521667,37.0325,Aegilops speltoides subsp. ligustica (Savign.) Zhuk.
847,1300786065,35.563889,36.892778,Aegilops speltoides subsp. speltoides
848,1300786064,35.502778,36.019444,Aegilops speltoides subsp. speltoides
849,1300786063,36.915833,40.291667,Aegilops speltoides subsp. ligustica (Savign.) Zhuk.
850,1300786062,36.897778,40.240278,Aegilops speltoides subsp. ligustica (Savign.) Zhuk.
851,1300786061,33.616667,35.45,Aegilops speltoides subsp. ligustica (Savign.) Zhuk.
852,1300786060,34.739167,36.131944,Aegilops speltoides Tausch
853,1300786059,41.883333,26.533333000000002,Aegilops speltoides subsp. ligustica (Savign.) Zhuk.
854,1300786058,35.593056,35.766110999999995,Aegilops speltoides subsp. speltoides
855,1300786057,33.616667,35.45,Aegilops speltoides subsp. speltoides
856,1300786056,36.083333,43.283333,Aegilops speltoides subsp. speltoides
857,1300786055,36.968056,40.391667,Aegilops speltoides subsp. speltoides
858,1300786054,35.587222,35.895,Aegilops speltoides subsp. ligustica (Savign.) Zhuk.
859,1300786053,35.593056,35.766110999999995,Aegilops speltoides subsp. ligustica (Savign.) Zhuk.
860,1300786052,36.166667,43.366667,Aegilops speltoides subsp. speltoides
861,1300786051,35.672778,35.785278000000005,Aegilops speltoides subsp. speltoides
862,1300786050,35.733889000000005,35.898610999999995,Aegilops speltoides subsp. speltoides
863,1300786049,36.351944,36.85,Aegilops speltoides subsp. speltoides
864,1300786048,36.557221999999996,36.919167,Aegilops speltoides Tausch
865,1300786047,35.532778,35.883333,Aegilops speltoides subsp. speltoides
866,1300786046,36.705556,37.230278000000006,Aegilops speltoides subsp. ligustica (Savign.) Zhuk.
867,1300786045,36.968056,40.391667,Aegilops speltoides subsp. ligustica (Savign.) Zhuk.
868,1300786044,36.883889,37.199166999999996,Aegilops speltoides subsp. speltoides
869,1300786043,33.45,35.316666999999995,Aegilops speltoides subsp. speltoides
870,1300786042,35.532778,35.883333,Aegilops speltoides subsp. ligustica (Savign.) Zhuk.
871,1300786041,35.587222,35.895,Aegilops speltoides subsp. speltoides
872,1300786040,38.816666999999995,38.666667,Aegilops speltoides subsp. ligustica (Savign.) Zhuk.
873,1300786039,37.365556,37.541667,Aegilops speltoides subsp. speltoides
874,1300786036,38.816666999999995,38.666667,Aegilops speltoides subsp. speltoides
875,1300786034,36.915833,40.291667,Aegilops speltoides subsp. speltoides
876,1300786031,37.011111,37.049444,Aegilops speltoides subsp. speltoides
877,1300786030,35.789167,36.474167,Aegilops speltoides subsp. speltoides
878,1300786029,36.968333,37.185556,Aegilops speltoides subsp. speltoides
879,1300786027,36.897778,40.240278,Aegilops speltoides subsp. speltoides
880,1300786021,36.883889,37.199166999999996,Aegilops speltoides subsp. ligustica (Savign.) Zhuk.
881,1300786019,36.705556,37.230278000000006,Aegilops speltoides subsp. speltoides
882,1300786017,35.183333000000005,36.783333,Aegilops speltoides Tausch
883,1300786010,36.208333,36.777221999999995,Aegilops speltoides subsp. speltoides
884,1300785958,41.33,27.48,Aegilops speltoides Tausch
885,1300785957,38.0,40.41,Aegilops speltoides Tausch
886,1300785947,37.11,44.51,Aegilops speltoides Tausch
887,1300785946,38.0,40.41,Aegilops speltoides Tausch
888,1300785942,38.0,40.41,Aegilops speltoides Tausch
889,1300785941,38.05,41.75,Aegilops speltoides Tausch
890,1300785940,38.01,41.45,Aegilops speltoides subsp. speltoides
891,1300785938,37.16,39.18,Aegilops speltoides subsp. speltoides
892,1300785937,37.61,37.08,Aegilops speltoides subsp. speltoides
893,1300785936,36.4,44.13,Aegilops speltoides Tausch
894,1300785935,37.96,40.2,Aegilops speltoides subsp. ligustica (Savign.) Zhuk.
895,1300785933,37.78,42.05,Aegilops speltoides subsp. speltoides
896,1300785932,41.33,27.48,Aegilops speltoides Tausch
897,1300785926,37.91,40.26,Aegilops speltoides Tausch
898,1300785925,37.18,37.46,Aegilops speltoides subsp. speltoides
899,1300785924,37.75,40.1,Aegilops speltoides subsp. speltoides
900,1300785923,38.06,41.78,Aegilops speltoides subsp. speltoides
901,1300785922,37.21,39.55,Aegilops speltoides subsp. ligustica (Savign.) Zhuk.
902,1300785921,36.85,40.03,Aegilops speltoides subsp. ligustica (Savign.) Zhuk.
903,1300785920,38.0,40.41,Aegilops speltoides Tausch
904,1300785918,37.36,37.56,Aegilops speltoides subsp. speltoides
905,1300785917,36.95,38.91,Aegilops speltoides subsp. ligustica (Savign.) Zhuk.
906,1300785904,37.81,41.86,Aegilops speltoides subsp. speltoides
907,1300785897,37.65,40.46,Aegilops speltoides subsp. ligustica (Savign.) Zhuk.
908,1300785893,37.73,42.25,Aegilops speltoides subsp. speltoides
909,1224527018,40.168333000000004,34.8425,Aegilops speltoides Tausch
910,1094627331,32.68,34.97,Aegilops speltoides Tausch
911,1094625206,32.68,35.18,Aegilops speltoides Tausch
912,1094621149,32.95,35.09,Aegilops speltoides Tausch
913,1094615899,32.55,34.97,Aegilops speltoides Tausch
914,1094612789,32.77,35.02,Aegilops speltoides Tausch
915,1094610598,32.59,34.92,Aegilops speltoides Tausch
916,1094606932,32.81,34.97,Aegilops speltoides Tausch
917,1094606600,32.55,34.91,Aegilops speltoides Tausch
918,1094604267,32.68,34.93,Aegilops speltoides Tausch
919,1094602897,31.78,34.65,Aegilops speltoides Tausch
920,1094600456,32.41,34.91,Aegilops speltoides Tausch
921,1094598286,32.46,34.97,Aegilops speltoides Tausch
922,1094597867,32.05,34.81,Aegilops speltoides Tausch
923,1094592202,32.01,34.81,Aegilops speltoides Tausch
924,1094584882,32.1,34.8,Aegilops speltoides Tausch
925,1094579852,32.05,34.76,Aegilops speltoides Tausch
926,1094204246,32.7,34.93,Aegilops speltoides Tausch
927,1094197338,32.69,35.19,Aegilops speltoides Tausch
928,1094197253,32.69,35.19,Aegilops speltoides Tausch
929,1094197199,32.69,35.19,Aegilops speltoides Tausch
930,1094197137,32.56,34.92,Aegilops speltoides Tausch
931,1094196927,32.85,35.09,Aegilops speltoides Tausch
932,1094193905,32.83,35.08,Aegilops speltoides Tausch
933,1094193899,32.83,35.08,Aegilops speltoides Tausch
934,1094193898,32.83,35.08,Aegilops speltoides Tausch
935,1094193839,32.7,34.93,Aegilops speltoides Tausch
936,1094191908,32.07,34.79,Aegilops speltoides Tausch
937,1094191783,32.79,35.0,Aegilops speltoides Tausch
938,1094191743,32.79,35.0,Aegilops speltoides Tausch
939,1094188460,32.7,34.96,Aegilops speltoides Tausch
940,1094187434,32.85,35.24,Aegilops speltoides Tausch
941,1094187085,32.87,35.18,Aegilops speltoides Tausch
942,1094187060,32.8,35.27,Aegilops speltoides Tausch
943,1094186968,32.6,34.96,Aegilops speltoides Tausch
944,1094186470,32.7,34.99,Aegilops speltoides Tausch
945,1094186433,32.9,35.15,Aegilops speltoides Tausch
946,1094183161,32.55,34.93,Aegilops speltoides Tausch
947,1094183144,32.77,35.0,Aegilops speltoides Tausch
948,1094182835,32.48,35.08,Aegilops speltoides Tausch
949,1094181709,32.88,35.31,Aegilops speltoides Tausch
950,1094181212,31.67,34.63,Aegilops speltoides Tausch
951,1094181117,32.8,35.03,Aegilops speltoides Tausch
952,1057310380,39.060596000000004,35.179672,Aegilops speltoides Tausch
953,1057268341,35.013134,38.505131,Aegilops speltoides Tausch
954,1057014512,39.060596000000004,35.179672,Aegilops speltoides subsp. ligustica (Savign.) Zhuk.
955,1056606924,39.060596000000004,35.179672,Aegilops speltoides Tausch
956,1056344817,39.060596000000004,35.179672,Aegilops speltoides Tausch
957,1056301779,39.060596000000004,35.179672,Aegilops speltoides Tausch
958,1056122708,35.013134,38.505131,Aegilops speltoides subsp. ligustica (Savign.) Zhuk.
959,1056070224,35.013134,38.505131,Aegilops speltoides subsp. ligustica (Savign.) Zhuk.
960,1056037318,39.060596000000004,35.179672,Aegilops speltoides subsp. ligustica (Savign.) Zhuk.
961,1055962891,39.060596000000004,35.179672,Aegilops speltoides subsp. ligustica (Savign.) Zhuk.
962,1055941036,39.060596000000004,35.179672,Aegilops speltoides Tausch
963,1055832445,40.297909000000004,34.919859,Aegilops speltoides Tausch
964,1055831977,39.060596000000004,35.179672,Aegilops speltoides subsp. ligustica (Savign.) Zhuk.
965,1055811320,35.013134,38.505131,Aegilops speltoides Tausch
966,1055526456,35.013134,38.505131,Aegilops speltoides subsp. ligustica (Savign.) Zhuk.
967,924566859,30.5,35.2,Aegilops speltoides Tausch
968,924564944,37.0,36.0,Aegilops speltoides Tausch
969,924564867,31.5,35.1,Aegilops speltoides Tausch
970,924564862,38.0,38.3,Aegilops speltoides Tausch
971,924564860,32.917,35.067,Aegilops speltoides Tausch
972,924564856,31.25,34.3,Aegilops speltoides Tausch
973,924564850,40.983000000000004,27.166999999999998,Aegilops speltoides Tausch
974,924564849,32.817,34.983000000000004,Aegilops speltoides Tausch
975,924564847,38.833,39.567,Aegilops speltoides Tausch
976,924564845,38.35,38.3,Aegilops speltoides Tausch
977,924564844,37.0,35.483000000000004,Aegilops speltoides Tausch
978,924564843,31.5,35.1,Aegilops speltoides Tausch
979,924564840,32.817,34.983000000000004,Aegilops speltoides Tausch
980,924564839,31.5,35.1,Aegilops speltoides Tausch
981,924564838,36.766999999999996,35.783,Aegilops speltoides Tausch
982,864933771,35.75,44.133333,Aegilops speltoides var. speltoides
983,864933763,34.5,45.583333,Aegilops speltoides subsp. speltoides
984,730546425,36.65169,32.94377,Aegilops speltoides subsp. speltoides
985,730546424,36.64591,32.9191,Aegilops speltoides subsp. speltoides
986,730546423,36.64012,32.89443,Aegilops speltoides subsp. speltoides
987,439507206,35.90573,36.0621,Aegilops speltoides Tausch
988,439507205,35.46667,44.31667,Aegilops speltoides Tausch
989,439179811,36.21168,37.1473,Aegilops speltoides Tausch
990,439179810,36.59111,36.96111,Aegilops speltoides Tausch
991,439179788,33.56261,35.36871,Aegilops speltoides Tausch
992,439174216,32.72461,35.03883,Aegilops speltoides Tausch
993,439174215,36.818870000000004,34.62212,Aegilops speltoides Tausch
994,439174214,36.80874,34.64127,Aegilops speltoides Tausch
995,439041911,33.88863,35.49548,Aegilops speltoides subsp. speltoides
996,439041910,36.876979999999996,34.58406,Aegilops speltoides subsp. speltoides
997,438862309,33.561040000000006,35.373020000000004,Aegilops speltoides Tausch
998,438862308,40.364329999999995,34.80881,Aegilops speltoides Tausch
999,438846447,36.59111,36.96111,Aegilops speltoides Tausch
1000,438840916,40.439609999999995,34.831509999999994,Aegilops speltoides Tausch
1001,438708775,35.53,35.78,Aegilops speltoides subsp. ligustica (Savign.) Zhuk.
1002,438708590,32.732859999999995,35.04063,Aegilops speltoides subsp. speltoides
1003,438513791,33.5613,35.38545,Aegilops speltoides Tausch
1004,438513714,33.56261,35.36873,Aegilops speltoides Tausch
1005,438513066,36.59111,36.96111,Aegilops speltoides Tausch
1006,438507593,40.17532,34.8469,Aegilops speltoides Tausch
1007,438375940,40.38948,34.93762,Aegilops speltoides subsp. speltoides
1008,438180210,35.532140000000005,35.79135,Aegilops speltoides Tausch
1009,438180195,33.56261,35.36873,Aegilops speltoides Tausch
1010,438174689,34.438,35.830999999999996,Aegilops speltoides Tausch
1011,438042875,40.931940000000004,33.9905,Aegilops speltoides subsp. ligustica (Savign.) Zhuk.
1012,438042717,36.8,34.63333,Aegilops speltoides subsp. speltoides
1013,438042716,36.488609999999994,36.194720000000004,Aegilops speltoides subsp. speltoides
1014,438042713,36.64783,32.92732,Aegilops speltoides subsp. speltoides
1015,438042712,36.65169,32.94377,Aegilops speltoides subsp. speltoides
1016,437862428,36.59111,36.96111,Aegilops speltoides Tausch
1017,437841626,37.32116,40.72448,Aegilops speltoides Tausch
1018,437841625,36.80135,34.633179999999996,Aegilops speltoides Tausch
1019,437709561,36.510459999999995,36.17729,Aegilops speltoides subsp. speltoides
1020,437709559,40.731,35.78313,Aegilops speltoides subsp. speltoides
1021,437514659,36.21168,37.1473,Aegilops speltoides Tausch
1022,437509090,34.43805,35.83082,Aegilops speltoides Tausch
1023,437509089,36.21168,37.1473,Aegilops speltoides Tausch
1024,437377554,33.70374,35.44825,Aegilops speltoides subsp. ligustica (Savign.) Zhuk.
1025,437377380,36.80315,34.63472,Aegilops speltoides subsp. speltoides
1026,437377379,36.51119,36.178979999999996,Aegilops speltoides subsp. speltoides
1027,437377377,39.8241,34.80335,Aegilops speltoides subsp. speltoides
1028,437197690,33.705259999999996,35.43979,Aegilops speltoides Tausch
1029,437197689,32.04936,34.75835,Aegilops speltoides Tausch
1030,437176306,36.211690000000004,37.1473,Aegilops speltoides Tausch
1031,437176305,36.59111,36.96111,Aegilops speltoides Tausch
1032,437044496,36.64779,32.92751,Aegilops speltoides subsp. speltoides
1033,437044493,36.64591,32.9191,Aegilops speltoides subsp. speltoides
1034,209992301,37.15,38.8,Aegilops speltoides Tausch
1035,208327657,36.900002,42.8167,Aegilops speltoides Tausch
1036,208327656,37.116699,43.483299,Aegilops speltoides Tausch
1037,208327655,36.549999,43.25,Aegilops speltoides Tausch
1038,208327654,36.650002,43.3167,Aegilops speltoides Tausch
1039,208327653,36.483299,43.233299,Aegilops speltoides Tausch
1040,208327652,35.466702000000005,45.4333,Aegilops speltoides Tausch
1041,208327651,35.5,45.450001,Aegilops speltoides Tausch
1042,208327650,36.8167,44.8167,Aegilops speltoides Tausch
1043,208327649,36.5,44.400002,Aegilops speltoides Tausch
1044,208327648,35.533297999999995,45.450001,Aegilops speltoides Tausch
1045,208327647,35.733299,44.483299,Aegilops speltoides Tausch
1046,208327646,35.549999,44.049999,Aegilops speltoides Tausch
1047,208327645,35.916698,44.0667,Aegilops speltoides Tausch
1048,208327644,35.25,44.283297999999995,Aegilops speltoides Tausch
1049,208327643,35.866699,45.049999,Aegilops speltoides Tausch
1050,208327642,35.883301,45.0,Aegilops speltoides Tausch
1051,208327641,34.75,45.0667,Aegilops speltoides Tausch
1052,208327640,35.483299,45.366699,Aegilops speltoides Tausch
1053,208327639,36.5,44.400002,Aegilops speltoides Tausch
1054,208327638,35.733299,44.483299,Aegilops speltoides Tausch
1055,208327637,35.5,44.783297999999995,Aegilops speltoides Tausch
1056,208327636,35.866699,45.049999,Aegilops speltoides Tausch
1057,208327635,35.450001,45.4333,Aegilops speltoides Tausch
1058,208327634,35.466702000000005,45.4333,Aegilops speltoides Tausch
1059,208327597,35.200001,36.849998,Aegilops speltoides Tausch
1060,208327542,35.6003,36.552502000000004,Aegilops speltoides Tausch
1061,208327540,35.5639,36.892799,Aegilops speltoides Tausch
1062,208327539,35.5639,36.892799,Aegilops speltoides Tausch
1063,208327538,34.9422,36.845797999999995,Aegilops speltoides Tausch
1064,208229795,38.049999,40.0,Aegilops speltoides Tausch
1065,208229794,38.049999,40.0,Aegilops speltoides Tausch
1066,208229792,37.916698,40.233299,Aegilops speltoides Tausch
1067,208229728,38.049999,40.0,Aegilops speltoides Tausch
1068,208229619,38.049999,40.0,Aegilops speltoides Tausch
1069,208229590,38.049999,40.0,Aegilops speltoides Tausch
1070,208229589,38.049999,40.0,Aegilops speltoides Tausch
1071,208229588,38.049999,40.0,Aegilops speltoides Tausch
1072,208229587,38.049999,40.0,Aegilops speltoides Tausch
1073,208229586,38.049999,40.0,Aegilops speltoides Tausch
1074,208229585,38.049999,40.0,Aegilops speltoides Tausch
1075,208229584,38.049999,40.0,Aegilops speltoides Tausch
1076,208229583,38.049999,40.0,Aegilops speltoides Tausch
1077,208229582,38.049999,40.0,Aegilops speltoides Tausch
1078,208229581,38.616699,39.0667,Aegilops speltoides Tausch
1079,208128999,35.8694,36.229198,Aegilops speltoides Tausch
1080,208128990,35.5028,36.019402,Aegilops speltoides Tausch
1081,208128987,35.483299,35.950001,Aegilops speltoides Tausch
1082,208128592,35.099998,36.166698,Aegilops speltoides Tausch
1083,208128591,35.851101,35.8633,Aegilops speltoides Tausch
1084,208128590,35.864399,35.900299,Aegilops speltoides Tausch
1085,208128589,35.637199,35.994701,Aegilops speltoides Tausch
1086,208128587,36.439201000000004,37.0397,Aegilops speltoides Tausch
1087,208128586,36.6833,37.0,Aegilops speltoides Tausch
1088,208128155,37.044998,41.096901,Aegilops speltoides Tausch
1089,208128153,37.044998,41.096901,Aegilops speltoides Tausch
1090,208128141,36.785,38.398102,Aegilops speltoides Tausch
1091,208128139,36.849998,38.387199,Aegilops speltoides Tausch
1092,208128138,36.8908,38.238602,Aegilops speltoides Tausch
1093,208128130,36.3708,36.855,Aegilops speltoides Tausch
1094,208128129,36.351898,36.849998,Aegilops speltoides Tausch
1095,208128128,36.208302,36.777198999999996,Aegilops speltoides Tausch
1096,208127994,36.644199,40.798598999999996,Aegilops speltoides Tausch
1097,136805231,32.8167,34.9833,Aegilops speltoides Tausch
1098,136805230,38.35,38.3,Aegilops speltoides Tausch
1099,136805229,32.8167,34.9833,Aegilops speltoides Tausch
1100,136805228,36.7667,35.7833,Aegilops speltoides Tausch
1101,136805227,37.0,35.4833,Aegilops speltoides Tausch
1102,136805221,38.8333,39.5667,Aegilops speltoides Tausch
1103,136805219,38.0,38.3,Aegilops speltoides Tausch
1104,136805217,32.9167,35.0667,Aegilops speltoides Tausch
1105,136805216,40.9833,27.1667,Aegilops speltoides Tausch
1106,136805215,31.25,34.3,Aegilops speltoides Tausch
1107,136805213,37.0,36.0,Aegilops speltoides Tausch
1108,47456165,35.4833,45.3667,Aegilops speltoides Tausch
1109,47456164,36.5,44.4,Aegilops speltoides Tausch
1110,47456163,35.7333,44.4833,Aegilops speltoides Tausch
1111,47456162,35.5,44.7833,Aegilops speltoides Tausch
1112,47456161,35.8667,45.05,Aegilops speltoides Tausch
1113,47456160,35.45,45.4333,Aegilops speltoides Tausch
1114,47456159,35.4667,45.4333,Aegilops speltoides Tausch
1115,47455792,36.6086,37.6653,Aegilops speltoides Tausch
1116,47455784,36.6442,40.7986,Aegilops speltoides Tausch
1117,47454296,36.5333,36.9583,Aegilops speltoides Tausch
1118,47454295,36.6425,37.525,Aegilops speltoides Tausch
1119,47454294,36.5889,37.6528,Aegilops speltoides Tausch
1120,47453993,35.6722,35.8056,Aegilops speltoides Tausch
1121,47453986,37.3083,42.2225,Aegilops speltoides Tausch
1122,47453981,37.1111,40.8167,Aegilops speltoides Tausch
1123,47453423,36.5572,36.9192,Aegilops speltoides Tausch
1124,47453420,36.5217,37.0325,Aegilops speltoides Tausch
1125,47453419,34.7392,36.1319,Aegilops speltoides Tausch
1126,40040038,39.93333,32.93333,Aegilops speltoides Tausch
1127,40040033,40.03333,32.91667,Aegilops speltoides Tausch
1128,40040031,40.61667,33.61667,Aegilops speltoides Tausch
1129,40040029,40.51667,33.63333,Aegilops speltoides Tausch
1130,40039923,38.01667,41.45,Aegilops speltoides subsp. speltoides
1131,40039920,37.63333,42.35,Aegilops speltoides subsp. speltoides
1132,40039917,37.73333,42.25,Aegilops speltoides subsp. speltoides
1133,40039915,37.78333,42.05,Aegilops speltoides subsp. speltoides
1134,40039912,37.93333,42.26667,Aegilops speltoides subsp. speltoides
1135,40039910,38.03333,42.08333,Aegilops speltoides subsp. speltoides
1136,40039861,37.75,42.16667,Aegilops speltoides subsp. speltoides
1137,40039860,38.06667,41.78333,Aegilops speltoides subsp. speltoides
1138,40039858,37.81667,41.86667,Aegilops speltoides subsp. speltoides
1139,40039856,37.75,42.16667,Aegilops speltoides subsp. ligustica (Savign.) Zhuk.
1140,40039855,38.81667,41.58333,Aegilops speltoides subsp. ligustica (Savign.) Zhuk.
1141,40039730,38.93333,40.78333,Aegilops speltoides subsp. ligustica (Savign.) Zhuk.
1142,40039729,37.11667,44.51667,Aegilops speltoides Tausch
1143,40039728,39.01667,39.56667,Aegilops speltoides Tausch
1144,40039727,38.0,40.41667,Aegilops speltoides Tausch
1145,40039726,38.0,40.41667,Aegilops speltoides Tausch
1146,40039725,38.0,40.41667,Aegilops speltoides Tausch
1147,40039724,38.0,40.41667,Aegilops speltoides Tausch
1148,40039723,38.0,40.41667,Aegilops speltoides Tausch
1149,40039722,38.0,40.41667,Aegilops speltoides Tausch
1150,40039721,38.0,40.41667,Aegilops speltoides Tausch
1151,40039719,38.0,40.41667,Aegilops speltoides Tausch
1152,40039718,38.0,40.41667,Aegilops speltoides Tausch
1153,40039717,38.0,40.41667,Aegilops speltoides Tausch
1154,40039502,38.05,40.46667,Aegilops speltoides subsp. speltoides
1155,40039501,37.86667,40.65,Aegilops speltoides subsp. speltoides
1156,40039500,38.01667,38.51667,Aegilops speltoides subsp. speltoides
1157,40039499,37.66667,37.95,Aegilops speltoides subsp. speltoides
1158,40039498,37.36667,37.56667,Aegilops speltoides subsp. speltoides
1159,40039497,37.18333,37.46667,Aegilops speltoides subsp. speltoides
1160,40039496,37.16667,37.43333,Aegilops speltoides subsp. speltoides
1161,40039495,37.08333,37.4,Aegilops speltoides subsp. speltoides
1162,40039494,37.5,37.01667,Aegilops speltoides subsp. speltoides
1163,40039493,37.61667,37.08333,Aegilops speltoides subsp. speltoides
1164,40039492,37.55,38.78333,Aegilops speltoides subsp. speltoides
1165,40039491,36.85,40.03333,Aegilops speltoides subsp. speltoides
1166,40039488,37.2,39.23333,Aegilops speltoides subsp. speltoides
1167,40039487,37.16667,39.18333,Aegilops speltoides subsp. speltoides
1168,40039486,37.28333,38.76667,Aegilops speltoides subsp. speltoides
1169,40039485,36.95,38.91667,Aegilops speltoides subsp. speltoides
1170,40039484,37.21667,38.78333,Aegilops speltoides subsp. speltoides
1171,40039482,37.75,40.1,Aegilops speltoides subsp. speltoides
1172,40039481,38.05,40.46667,Aegilops speltoides subsp. ligustica (Savign.) Zhuk.
1173,40039480,37.81667,40.13333,Aegilops speltoides subsp. ligustica (Savign.) Zhuk.
1174,40039479,37.96667,38.61667,Aegilops speltoides subsp. ligustica (Savign.) Zhuk.
1175,40039476,37.65,40.46667,Aegilops speltoides subsp. ligustica (Savign.) Zhuk.
1176,40039475,36.85,40.03333,Aegilops speltoides subsp. ligustica (Savign.) Zhuk.
1177,40039473,36.85,40.03333,Aegilops speltoides subsp. ligustica (Savign.) Zhuk.
1178,40039472,36.98333,39.96667,Aegilops speltoides subsp. ligustica (Savign.) Zhuk.
1179,40039470,37.08333,39.88333,Aegilops speltoides subsp. ligustica (Savign.) Zhuk.
1180,40039469,37.08333,39.88333,Aegilops speltoides subsp. ligustica (Savign.) Zhuk.
1181,40039468,37.21667,39.55,Aegilops speltoides subsp. ligustica (Savign.) Zhuk.
1182,40039466,37.21667,39.55,Aegilops speltoides subsp. ligustica (Savign.) Zhuk.
1183,40039465,36.93333,38.91667,Aegilops speltoides subsp. ligustica (Savign.) Zhuk.
1184,40039463,36.93333,38.91667,Aegilops speltoides subsp. ligustica (Savign.) Zhuk.
1185,40039461,36.95,38.91667,Aegilops speltoides subsp. ligustica (Savign.) Zhuk.
1186,40039459,37.56667,38.93333,Aegilops speltoides subsp. ligustica (Savign.) Zhuk.
1187,40039458,37.61667,38.95,Aegilops speltoides subsp. ligustica (Savign.) Zhuk.
1188,40039457,37.75,40.1,Aegilops speltoides subsp. ligustica (Savign.) Zhuk.
1189,40039455,37.96667,40.2,Aegilops speltoides subsp. ligustica (Savign.) Zhuk.
1190,40039454,38.31667,40.0,Aegilops speltoides subsp. ligustica (Savign.) Zhuk.
1191,40039453,37.96667,40.33333,Aegilops speltoides Tausch
1192,40039402,35.1,36.16667,Aegilops speltoides Tausch
1193,40039401,35.85111,35.86333,Aegilops speltoides Tausch
1194,40039399,35.86444,35.90028,Aegilops speltoides Tausch
1195,40039397,35.63722,35.99472,Aegilops speltoides Tausch
1196,40039395,36.439170000000004,37.03972,Aegilops speltoides Tausch
1197,40039394,36.68333,37.0,Aegilops speltoides Tausch
1198,40039393,36.23056,36.55,Aegilops speltoides Tausch
1199,40039391,36.19444,36.75,Aegilops speltoides Tausch
1200,40039342,37.96667,40.33333,Aegilops speltoides Tausch
1201,40039341,37.96667,40.33333,Aegilops speltoides Tausch
1202,40039340,38.53333,39.03333,Aegilops speltoides Tausch
1203,40039321,39.0,35.0,Aegilops speltoides Tausch
1204,40039320,39.0,35.0,Aegilops speltoides Tausch
1205,40039319,39.0,35.0,Aegilops speltoides Tausch
1206,40039317,31.5,34.75,Aegilops speltoides subsp. speltoides
1207,40039294,31.5,34.75,Aegilops speltoides Tausch
1208,40039293,31.5,34.75,Aegilops speltoides Tausch
1209,40039292,31.5,34.75,Aegilops speltoides Tausch
1210,40039290,31.5,34.75,Aegilops speltoides Tausch
1211,40039078,35.63333,45.0,Aegilops speltoides Tausch
1212,40038936,36.4,44.13333,Aegilops speltoides Tausch
1213,40038772,37.91667,40.26667,Aegilops speltoides Tausch
1214,40038754,38.05,41.75,Aegilops speltoides Tausch
1215,40038749,37.918890000000005,40.21056,Aegilops speltoides Tausch
1216,40038655,41.33333,27.48333,Aegilops speltoides Tausch
1217,40038646,41.33333,27.48333,Aegilops speltoides Tausch
